{
  "success": false,
  "enterprise_grade": false,
  "duration": 75.57533264160156,
  "execution_stats": {
    "total_tasks": 207,
    "successful_tasks": 203,
    "success_rate": 0.9806763285024155,
    "avg_task_duration": 0.22705314009661837
  },
  "quality_metrics": {
    "overall_quality_score": 39.22701960784313,
    "task_type_scores": {
      "LINT_FIX": 1.1850980392156862,
      "TYPE_CHECK": 100.0,
      "SECURITY_SCAN": 0.0,
      "SYNTAX_FIX": 94.95,
      "BUILD": 0.0
    },
    "quality_distribution": {
      "LINT_FIX": [
        95.0,
        0,
        0,
        0,
        0,
        0,
        0,
        0,
        0,
        0,
        25.88,
        0,
        0,
        0,
        0,
        0,
        0,
        0,
        0,
        0,
        0,
        0,
        0,
        0,
        0,
        0,
        0,
        0,
        0,
        0,
        0,
        0,
        0,
        0,
        0,
        0,
        0,
        0,
        0,
        0,
        0,
        0,
        0,
        0,
        0,
        0,
        0,
        0,
        0,
        0,
        0,
        0,
        0,
        0,
        0,
        0,
        0,
        0,
        0,
        0,
        0,
        0,
        0,
        0,
        0,
        0,
        0,
        0,
        0,
        0,
        0,
        0,
        0,
        0,
        0,
        0,
        0,
        0,
        0,
        0,
        0,
        0,
        0,
        0,
        0,
        0,
        0,
        0,
        0,
        0,
        0,
        0,
        0,
        0,
        0,
        0,
        0,
        0,
        0,
        0,
        0,
        0
      ],
      "TYPE_CHECK": [
        100.0,
        100,
        100
      ],
      "SECURITY_SCAN": [
        0.0
      ],
      "SYNTAX_FIX": [
        95.0,
        95.0,
        95.0,
        95.0,
        95.0,
        95.0,
        95.0,
        95.0,
        95.0,
        90.0,
        95.0,
        95.0,
        95.0,
        95.0,
        95.0,
        95.0,
        95.0,
        95.0,
        95.0,
        95.0,
        95.0,
        95.0,
        95.0,
        95.0,
        95.0,
        95.0,
        95.0,
        95.0,
        95.0,
        95.0,
        95.0,
        95.0,
        95.0,
        95.0,
        95.0,
        95.0,
        95.0,
        95.0,
        95.0,
        95.0,
        95.0,
        95.0,
        95.0,
        95.0,
        95.0,
        95.0,
        95.0,
        95.0,
        95.0,
        95.0,
        95.0,
        95.0,
        95.0,
        95.0,
        95.0,
        95.0,
        95.0,
        95.0,
        95.0,
        95.0,
        95.0,
        95.0,
        95.0,
        95.0,
        95.0,
        95.0,
        95.0,
        95.0,
        95.0,
        95.0,
        95.0,
        95.0,
        95.0,
        95.0,
        95.0,
        95.0,
        95.0,
        95.0,
        95.0,
        95.0,
        95.0,
        95.0,
        95.0,
        95.0,
        95.0,
        95.0,
        95.0,
        95.0,
        95.0,
        95.0,
        95.0,
        95.0,
        95.0,
        95.0,
        95.0,
        95.0,
        95.0,
        95.0,
        95.0,
        95.0
      ],
      "BUILD": [
        0.0
      ]
    }
  },
  "validation_results": {
    "typescript": {
      "success": false,
      "errors": 0,
      "quality_score": 100
    },
    "quality": {
      "success": true,
      "errors": 1,
      "quality_score": 25.88
    },
    "build": {
      "success": false,
      "errors": 13
    },
    "overall": {
      "success": false,
      "total_errors": 14,
      "average_quality_score": 62.94,
      "enterprise_grade": false
    }
  },
  "agent_performance": {
    "syntax": {
      "agent_type": "SyntaxAnalysis",
      "patterns_loaded": 2,
      "fix_success_rates": {},
      "performance_stats": {
        "syntax_analysis": {
          "count": 101,
          "avg_duration": 0.0012618692794648728,
          "min_duration": 9.202957153320312e-05,
          "max_duration": 0.00482940673828125,
          "total_duration": 0.12744879722595215
        },
        "command_npm": {
          "count": 1,
          "avg_duration": 6.011033058166504,
          "min_duration": 6.011033058166504,
          "max_duration": 6.011033058166504,
          "total_duration": 6.011033058166504
        }
      }
    },
    "types": {
      "agent_type": "TypeSafety",
      "type_graph_nodes": 147,
      "type_graph_edges": 0,
      "performance_stats": {
        "type_safety": {
          "count": 4,
          "avg_duration": 15.340359926223755,
          "min_duration": 0.2180020809173584,
          "max_duration": 20.500976085662842,
          "total_duration": 61.36143970489502
        },
        "command_npx": {
          "count": 9,
          "avg_duration": 6.7925501929389105,
          "min_duration": 6.688727140426636,
          "max_duration": 6.941215753555298,
          "total_duration": 61.132951736450195
        }
      }
    },
    "quality": {
      "agent_type": "CodeQuality",
      "quality_rules": 2,
      "quality_history_entries": 0,
      "performance_stats": {
        "code_quality": {
          "count": 104,
          "avg_duration": 0.0050268425391270565,
          "min_duration": 0.00011110305786132812,
          "max_duration": 0.11062097549438477,
          "total_duration": 0.5227916240692139
        }
      }
    }
  },
  "performance_stats": {
    "master_planning": {
      "count": 1,
      "avg_duration": 0.4939463138580322,
      "min_duration": 0.4939463138580322,
      "max_duration": 0.4939463138580322,
      "total_duration": 0.4939463138580322
    },
    "final_validation": {
      "count": 1,
      "avg_duration": 26.333646059036255,
      "min_duration": 26.333646059036255,
      "max_duration": 26.333646059036255,
      "total_duration": 26.333646059036255
    }
  },
  "system_metrics": {
    "cache_hit_rate": 0.0,
    "memory_usage": 79.375,
    "cpu_usage": 0.0
  }
}